{"knn_acc": 0.9995473064735174, "data_time": 0.2741577625274658, "time": 0.7339651849534776}