{"knn_acc": 0.9995473064735174, "data_time": 0.26936833063761395, "time": 0.726378599802653}