{"knn_acc": 0.9995473064735174, "data_time": 0.2943662272559272, "time": 0.7696892155541314}