{"knn/knn_acc": 0.9754135002235136, "data_time": 0.20718489752875435, "time": 0.46262351671854657}