{"knn_acc": 0.9995473064735174, "data_time": 0.3778190877702501, "time": 0.7850475311279297}